id,title,posted_on,format,total_likes,total_comments,live_link,thumbnail_link,posted_by,author_name
b293aacd-5c19-4c15-ae58-087653afe91e,They're like animals ,Sun Nov 10 2024 03:39:11 GMT+0800 (Singapore Standard Time),image,85960,675,https://i.redd.it/r0p3tpkdixzd1.jpeg,https://a.thumbs.redditmedia.com/LRGZGNm7W8o9Z437G9INGYK0-OaJRZ9zLMkQ9jb3eb4.jpg,bb485015-104f-48c5-abd9-52ccd3ccea3f,Noxious_potato
5dc0032a-2eee-4c4d-a0fd-16fa9e36b2ea,Living la Vida loca,Sat Nov 09 2024 23:42:12 GMT+0800 (Singapore Standard Time),image,16506,91,https://i.redd.it/d86j4ch3cwzd1.jpeg,https://b.thumbs.redditmedia.com/VqxfZjbKrH_YXshuZNQYz69e0gAIMBdF3uw86jqyBWE.jpg,446c1ae7-a8fb-4834-bdda-beb27e2407f6,MahmoudAO
346f4676-0d13-42b1-8c79-a7af80cc1471,Never buy a hard drive for 20$,Sun Nov 10 2024 04:12:46 GMT+0800 (Singapore Standard Time),image,13303,90,https://i.redd.it/90f20iacoxzd1.jpeg,https://b.thumbs.redditmedia.com/7ONI2dmyDtnoBfTb72TPHqEggb5pJFWQJK8yQY4XZsg.jpg,80d1d858-0355-4f89-8506-371ec8a5cf21,NinchyFakinchy
a4cee242-e8b7-4b1a-8e80-f3fc5577e71c,yeah why is that,Sun Nov 10 2024 00:33:20 GMT+0800 (Singapore Standard Time),image,7783,35,https://i.redd.it/jsfu3776lwzd1.jpeg,https://b.thumbs.redditmedia.com/Q3TvyCBU4CohRwMReGgdf2-WxTiyAPdLV3t1UcRAPZI.jpg,862a227b-c068-4726-be07-ae7f8e134cfb,Substantial_Phrase50
6f94da8f-5cf3-4cb0-a2a2-a370c7b3096e,They are in too deep man,Sun Nov 10 2024 12:37:15 GMT+0800 (Singapore Standard Time),image,6836,59,https://i.redd.it/2r5n4ckd600e1.jpeg,https://b.thumbs.redditmedia.com/7nFTmBQ_fIXU1XccBOqpf5KQ2HAh4Pevh-es--iHsJc.jpg,7cde0c65-fac7-411c-bd03-d7008221d020,666thSuprisedPikachu
bf6956c7-44f2-4d6e-9cd9-cc01df0aa860,idk why they don't like me,Sun Nov 10 2024 05:14:36 GMT+0800 (Singapore Standard Time),video,2902,9,https://v.redd.it/7wj6894ixxzd1,"https://external-preview.redd.it/czIwZHBnNGl4eHpkMV8BywxtdRqaUvzrWUKYjx4iA6iLjzbSSSAVGJYOdEis.png?width=140&height=140&crop=140:140,smart&format=jpg&v=enabled&lthumb=true&s=6bc0daf79fd3e84d73fa80d5696b15b2bcf31392",042ec186-20df-4e13-8045-465888b1c859,SweetyyBabyGirl
fde96427-899b-417f-9a9f-18f8155bbf2c,And we liked it,Sun Nov 10 2024 04:46:45 GMT+0800 (Singapore Standard Time),image,2161,57,https://i.redd.it/ypy7iiofuxzd1.jpeg,https://a.thumbs.redditmedia.com/KxTZcA8eeu_pUdS1w2BlxX_wOYFvv96Lc6nF9LcxpY4.jpg,b0f53c3d-c82c-4b78-b1d1-9cb4f84f0a21,AimlessFacade
1f00ca20-afd9-4274-becc-acd188e33680,Some days do be like that ,Sun Nov 10 2024 14:50:59 GMT+0800 (Singapore Standard Time),image,1544,7,https://i.redd.it/9a6upge8u00e1.jpeg,https://b.thumbs.redditmedia.com/1Zi2yZ3Uyd52d5FGYn6ZPMCV8LOeksbaWbTonsg2x9o.jpg,1d6bc5c0-6fa0-43e1-bdcb-a41e50d3831a,JoeZocktGames
ce8acf79-d188-463a-813b-bd1e90185826,I just wanna play ZZZ and have fun...,Sun Nov 10 2024 15:57:33 GMT+0800 (Singapore Standard Time),image,1139,218,https://i.redd.it/tng2dj04610e1.jpeg,https://b.thumbs.redditmedia.com/r1V8sxwbntB7lj0lwn4BazsnKP7xmUmlEuCq_jkG4tI.jpg,e10af7e2-1761-446e-9c86-7d2d4fad551e,DazzlingTourist1527
9555c36b-c318-4544-bc11-390cd9a89859,"Oh did I do that, my bad",Sun Nov 10 2024 17:31:14 GMT+0800 (Singapore Standard Time),image,1104,18,https://i.redd.it/rp5x7xdqm10e1.png,https://b.thumbs.redditmedia.com/vVSOFp0Bn_b2JdXjfMqxQNRydFH5Qy02ne56onf5E5M.jpg,e6c73c1b-36ce-4054-94d6-79611f6f97ce,LordZorthan
c6610d90-6267-4667-8a11-7a1fb27c44cf,You duty is to serve me.,Sun Nov 10 2024 06:11:59 GMT+0800 (Singapore Standard Time),image,936,3,https://i.redd.it/ucqd3i1n9yzd1.jpeg,https://b.thumbs.redditmedia.com/Lh1AL5ufw_PObkKnhrQAtwTSpKwiXVFBM0_frLvWans.jpg,6373dcb0-9e48-4808-a0ef-429220e092d6,WinterLake8056
bf1b7c40-cdf7-4efe-b83b-5f3afbec0b99,I took that personallyâ€¦,Sun Nov 10 2024 08:49:57 GMT+0800 (Singapore Standard Time),image,755,22,https://i.redd.it/mb4e65nt1zzd1.jpeg,https://b.thumbs.redditmedia.com/bATRESHTzpT3Ov8YIx5Y1dTzjTD3bYUwDuusocTgVcY.jpg,16571c3a-0079-4edc-8f53-228551712e84,Slicky007
06f28a96-7496-4d01-9654-66550932280d,My life got halved ,Sun Nov 10 2024 12:14:25 GMT+0800 (Singapore Standard Time),image,647,16,https://i.redd.it/z0vhfava200e1.jpeg,https://a.thumbs.redditmedia.com/yCSq-NBdCQLUzqC2X2CITGdXpnuPIBaI02cCn5I-S54.jpg,f3f57805-9cd1-4975-90ff-f067760a3e81,Subho1908
fbaca674-2c5f-495a-9f4b-11729ec28c03,The happiest man in the world ,Sun Nov 10 2024 18:37:15 GMT+0800 (Singapore Standard Time),image,597,5,https://i.redd.it/tbal555ly10e1.png,https://a.thumbs.redditmedia.com/YIjSJ6kjohVpPGVk7QG-x7UQ2blxLQ_j-yrJ7T_DU_8.jpg,400a1f27-57df-4f24-9a23-4661c9b16352,some_dummy_account
27622b27-b0fd-4441-8406-7ec5f474cdc3,Feeling of the day,Sun Nov 10 2024 02:26:59 GMT+0800 (Singapore Standard Time),image,566,6,https://i.redd.it/sawai3gh5xzd1.png,https://b.thumbs.redditmedia.com/1iTZFPZsHLzYwKw7C0by4mpzwq5Ep1oF0aNaPx8RCpQ.jpg,4613b3db-926d-4a2a-a51b-c78fa80823a6,c0bra_
fe45665d-0435-4760-9f2d-30e186a772a2,NO IMAX NO AUDIO,Sun Nov 10 2024 16:19:43 GMT+0800 (Singapore Standard Time),image,563,4,https://i.redd.it/hjncjsg1a10e1.jpeg,https://b.thumbs.redditmedia.com/dxWzIEQHl0kMm6D8CcRPtE-ggft805nd_yJ_hKZKGDc.jpg,80051b91-d98e-48af-8456-f8050f4eea56,Koko-noki
91de0b9e-b0a5-48af-8655-2bced759bb22,That's why you use quotes to remind them of their stupidity,Sun Nov 10 2024 08:59:23 GMT+0800 (Singapore Standard Time),image,520,42,https://i.redd.it/0putu9tg3zzd1.jpeg,https://a.thumbs.redditmedia.com/W9GhMRwzgvMnr5dMLVRjjhwvBElM_8_7HnBB4o0lSB8.jpg,3dccdf7c-93ee-44d3-9ef2-0d90e28ae1aa,tnerb253
9fcd4dea-431f-4f6e-9538-6245cd882b3c,Just born in wrong time.,Sun Nov 10 2024 18:48:32 GMT+0800 (Singapore Standard Time),image,426,90,https://i.redd.it/wqcruk3m020e1.jpeg,https://a.thumbs.redditmedia.com/QkxqC_f6_e8BU1IwYQMHWubVHFbG-Je3plRGrpVR010.jpg,8a36d226-2cd1-4217-8c86-9460f395c294,GomuGomuNoWeiner
e8f7a8da-b3ff-4e0c-a6d6-b5ecd5927b44,"""But they do nothing when you are getting bullied.""",Sun Nov 10 2024 03:30:42 GMT+0800 (Singapore Standard Time),image,425,13,https://i.redd.it/jjpifl6vgxzd1.jpeg,https://b.thumbs.redditmedia.com/wOx4B2OiZalDqGPPbn-jhsp19lguFJSqaivZqxFxO6k.jpg,3cf910b2-a8d7-48b4-b011-25861fe28086,BlastingSquid886
64458e6a-8889-4422-865b-ce88700ae3ea,Me moment ðŸ—¿ðŸ—¿ðŸ˜ŽðŸ˜Ž,Sat Nov 09 2024 23:42:57 GMT+0800 (Singapore Standard Time),image,339,14,https://i.redd.it/j9hdq9d8cwzd1.jpeg,https://b.thumbs.redditmedia.com/eMqmkxgXOHbGWKQ5TUu37_L3N5ZXvTvNEPWCNOzLalQ.jpg,bd0222d1-1b89-449f-ba37-1ab460e10303,Dry_Produce_3906